id,latitude,longitude
0,-22.0,15.0
1,-22.0,15.5
2,-22.0,16.0
3,-22.0,16.5
4,-22.0,17.0
5,-22.0,17.5
6,-22.0,18.0
7,-22.0,18.5
8,-22.0,19.0
9,-22.0,19.5
10,-22.0,20.0
11,-22.0,20.5
12,-22.0,21.0
13,-22.0,21.5
14,-22.0,22.0
15,-22.0,22.5
16,-22.0,23.0
17,-22.0,23.5
18,-22.0,24.0
19,-22.0,24.5
20,-22.0,25.0
21,-22.0,25.5
22,-22.0,26.0
23,-22.0,26.5
24,-22.0,27.0
25,-22.0,27.5
26,-22.0,28.0
27,-22.0,28.5
28,-22.0,29.0
29,-22.0,29.5
30,-22.0,30.0
31,-22.0,30.5
32,-22.0,31.0
33,-22.0,31.5
34,-22.0,32.0
35,-22.0,32.5
36,-22.0,33.0
37,-22.5,15.0
38,-22.5,15.5
39,-22.5,16.0
40,-22.5,16.5
41,-22.5,17.0
42,-22.5,17.5
43,-22.5,18.0
44,-22.5,18.5
45,-22.5,19.0
46,-22.5,19.5
47,-22.5,20.0
48,-22.5,20.5
49,-22.5,21.0
50,-22.5,21.5
51,-22.5,22.0
52,-22.5,22.5
53,-22.5,23.0
54,-22.5,23.5
55,-22.5,24.0
56,-22.5,24.5
57,-22.5,25.0
58,-22.5,25.5
59,-22.5,26.0
60,-22.5,26.5
61,-22.5,27.0
62,-22.5,27.5
63,-22.5,28.0
64,-22.5,28.5
65,-22.5,29.0
66,-22.5,29.5
67,-22.5,30.0
68,-22.5,30.5
69,-22.5,31.0
70,-22.5,31.5
71,-22.5,32.0
72,-22.5,32.5
73,-22.5,33.0
74,-23.0,15.0
75,-23.0,15.5
76,-23.0,16.0
77,-23.0,16.5
78,-23.0,17.0
79,-23.0,17.5
80,-23.0,18.0
81,-23.0,18.5
82,-23.0,19.0
83,-23.0,19.5
84,-23.0,20.0
85,-23.0,20.5
86,-23.0,21.0
87,-23.0,21.5
88,-23.0,22.0
89,-23.0,22.5
90,-23.0,23.0
91,-23.0,23.5
92,-23.0,24.0
93,-23.0,24.5
94,-23.0,25.0
95,-23.0,25.5
96,-23.0,26.0
97,-23.0,26.5
98,-23.0,27.0
99,-23.0,27.5
100,-23.0,28.0
101,-23.0,28.5
102,-23.0,29.0
103,-23.0,29.5
104,-23.0,30.0
105,-23.0,30.5
106,-23.0,31.0
107,-23.0,31.5
108,-23.0,32.0
109,-23.0,32.5
110,-23.0,33.0
111,-23.5,15.0
112,-23.5,15.5
113,-23.5,16.0
114,-23.5,16.5
115,-23.5,17.0
116,-23.5,17.5
117,-23.5,18.0
118,-23.5,18.5
119,-23.5,19.0
120,-23.5,19.5
121,-23.5,20.0
122,-23.5,20.5
123,-23.5,21.0
124,-23.5,21.5
125,-23.5,22.0
126,-23.5,22.5
127,-23.5,23.0
128,-23.5,23.5
129,-23.5,24.0
130,-23.5,24.5
131,-23.5,25.0
132,-23.5,25.5
133,-23.5,26.0
134,-23.5,26.5
135,-23.5,27.0
136,-23.5,27.5
137,-23.5,28.0
138,-23.5,28.5
139,-23.5,29.0
140,-23.5,29.5
141,-23.5,30.0
142,-23.5,30.5
143,-23.5,31.0
144,-23.5,31.5
145,-23.5,32.0
146,-23.5,32.5
147,-23.5,33.0
148,-24.0,15.0
149,-24.0,15.5
150,-24.0,16.0
151,-24.0,16.5
152,-24.0,17.0
153,-24.0,17.5
154,-24.0,18.0
155,-24.0,18.5
156,-24.0,19.0
157,-24.0,19.5
158,-24.0,20.0
159,-24.0,20.5
160,-24.0,21.0
161,-24.0,21.5
162,-24.0,22.0
163,-24.0,22.5
164,-24.0,23.0
165,-24.0,23.5
166,-24.0,24.0
167,-24.0,24.5
168,-24.0,25.0
169,-24.0,25.5
170,-24.0,26.0
171,-24.0,26.5
172,-24.0,27.0
173,-24.0,27.5
174,-24.0,28.0
175,-24.0,28.5
176,-24.0,29.0
177,-24.0,29.5
178,-24.0,30.0
179,-24.0,30.5
180,-24.0,31.0
181,-24.0,31.5
182,-24.0,32.0
183,-24.0,32.5
184,-24.0,33.0
185,-24.5,15.0
186,-24.5,15.5
187,-24.5,16.0
188,-24.5,16.5
189,-24.5,17.0
190,-24.5,17.5
191,-24.5,18.0
192,-24.5,18.5
193,-24.5,19.0
194,-24.5,19.5
195,-24.5,20.0
196,-24.5,20.5
197,-24.5,21.0
198,-24.5,21.5
199,-24.5,22.0
200,-24.5,22.5
201,-24.5,23.0
202,-24.5,23.5
203,-24.5,24.0
204,-24.5,24.5
205,-24.5,25.0
206,-24.5,25.5
207,-24.5,26.0
208,-24.5,26.5
209,-24.5,27.0
210,-24.5,27.5
211,-24.5,28.0
212,-24.5,28.5
213,-24.5,29.0
214,-24.5,29.5
215,-24.5,30.0
216,-24.5,30.5
217,-24.5,31.0
218,-24.5,31.5
219,-24.5,32.0
220,-24.5,32.5
221,-24.5,33.0
222,-25.0,15.0
223,-25.0,15.5
224,-25.0,16.0
225,-25.0,16.5
226,-25.0,17.0
227,-25.0,17.5
228,-25.0,18.0
229,-25.0,18.5
230,-25.0,19.0
231,-25.0,19.5
232,-25.0,20.0
233,-25.0,20.5
234,-25.0,21.0
235,-25.0,21.5
236,-25.0,22.0
237,-25.0,22.5
238,-25.0,23.0
239,-25.0,23.5
240,-25.0,24.0
241,-25.0,24.5
242,-25.0,25.0
243,-25.0,25.5
244,-25.0,26.0
245,-25.0,26.5
246,-25.0,27.0
247,-25.0,27.5
248,-25.0,28.0
249,-25.0,28.5
250,-25.0,29.0
251,-25.0,29.5
252,-25.0,30.0
253,-25.0,30.5
254,-25.0,31.0
255,-25.0,31.5
256,-25.0,32.0
257,-25.0,32.5
258,-25.0,33.0
259,-25.5,15.0
260,-25.5,15.5
261,-25.5,16.0
262,-25.5,16.5
263,-25.5,17.0
264,-25.5,17.5
265,-25.5,18.0
266,-25.5,18.5
267,-25.5,19.0
268,-25.5,19.5
269,-25.5,20.0
270,-25.5,20.5
271,-25.5,21.0
272,-25.5,21.5
273,-25.5,22.0
274,-25.5,22.5
275,-25.5,23.0
276,-25.5,23.5
277,-25.5,24.0
278,-25.5,24.5
279,-25.5,25.0
280,-25.5,25.5
281,-25.5,26.0
282,-25.5,26.5
283,-25.5,27.0
284,-25.5,27.5
285,-25.5,28.0
286,-25.5,28.5
287,-25.5,29.0
288,-25.5,29.5
289,-25.5,30.0
290,-25.5,30.5
291,-25.5,31.0
292,-25.5,31.5
293,-25.5,32.0
294,-25.5,32.5
295,-25.5,33.0
296,-26.0,15.0
297,-26.0,15.5
298,-26.0,16.0
299,-26.0,16.5
300,-26.0,17.0
301,-26.0,17.5
302,-26.0,18.0
303,-26.0,18.5
304,-26.0,19.0
305,-26.0,19.5
306,-26.0,20.0
307,-26.0,20.5
308,-26.0,21.0
309,-26.0,21.5
310,-26.0,22.0
311,-26.0,22.5
312,-26.0,23.0
313,-26.0,23.5
314,-26.0,24.0
315,-26.0,24.5
316,-26.0,25.0
317,-26.0,25.5
318,-26.0,26.0
319,-26.0,26.5
320,-26.0,27.0
321,-26.0,27.5
322,-26.0,28.0
323,-26.0,28.5
324,-26.0,29.0
325,-26.0,29.5
326,-26.0,30.0
327,-26.0,30.5
328,-26.0,31.0
329,-26.0,31.5
330,-26.0,32.0
331,-26.0,32.5
332,-26.0,33.0
333,-26.5,15.0
334,-26.5,15.5
335,-26.5,16.0
336,-26.5,16.5
337,-26.5,17.0
338,-26.5,17.5
339,-26.5,18.0
340,-26.5,18.5
341,-26.5,19.0
342,-26.5,19.5
343,-26.5,20.0
344,-26.5,20.5
345,-26.5,21.0
346,-26.5,21.5
347,-26.5,22.0
348,-26.5,22.5
349,-26.5,23.0
350,-26.5,23.5
351,-26.5,24.0
352,-26.5,24.5
353,-26.5,25.0
354,-26.5,25.5
355,-26.5,26.0
356,-26.5,26.5
357,-26.5,27.0
358,-26.5,27.5
359,-26.5,28.0
360,-26.5,28.5
361,-26.5,29.0
362,-26.5,29.5
363,-26.5,30.0
364,-26.5,30.5
365,-26.5,31.0
366,-26.5,31.5
367,-26.5,32.0
368,-26.5,32.5
369,-26.5,33.0
370,-27.0,15.0
371,-27.0,15.5
372,-27.0,16.0
373,-27.0,16.5
374,-27.0,17.0
375,-27.0,17.5
376,-27.0,18.0
377,-27.0,18.5
378,-27.0,19.0
379,-27.0,19.5
380,-27.0,20.0
381,-27.0,20.5
382,-27.0,21.0
383,-27.0,21.5
384,-27.0,22.0
385,-27.0,22.5
386,-27.0,23.0
387,-27.0,23.5
388,-27.0,24.0
389,-27.0,24.5
390,-27.0,25.0
391,-27.0,25.5
392,-27.0,26.0
393,-27.0,26.5
394,-27.0,27.0
395,-27.0,27.5
396,-27.0,28.0
397,-27.0,28.5
398,-27.0,29.0
399,-27.0,29.5
400,-27.0,30.0
401,-27.0,30.5
402,-27.0,31.0
403,-27.0,31.5
404,-27.0,32.0
405,-27.0,32.5
406,-27.0,33.0
407,-27.5,15.0
408,-27.5,15.5
409,-27.5,16.0
410,-27.5,16.5
411,-27.5,17.0
412,-27.5,17.5
413,-27.5,18.0
414,-27.5,18.5
415,-27.5,19.0
416,-27.5,19.5
417,-27.5,20.0
418,-27.5,20.5
419,-27.5,21.0
420,-27.5,21.5
421,-27.5,22.0
422,-27.5,22.5
423,-27.5,23.0
424,-27.5,23.5
425,-27.5,24.0
426,-27.5,24.5
427,-27.5,25.0
428,-27.5,25.5
429,-27.5,26.0
430,-27.5,26.5
431,-27.5,27.0
432,-27.5,27.5
433,-27.5,28.0
434,-27.5,28.5
435,-27.5,29.0
436,-27.5,29.5
437,-27.5,30.0
438,-27.5,30.5
439,-27.5,31.0
440,-27.5,31.5
441,-27.5,32.0
442,-27.5,32.5
443,-27.5,33.0
444,-28.0,15.0
445,-28.0,15.5
446,-28.0,16.0
447,-28.0,16.5
448,-28.0,17.0
449,-28.0,17.5
450,-28.0,18.0
451,-28.0,18.5
452,-28.0,19.0
453,-28.0,19.5
454,-28.0,20.0
455,-28.0,20.5
456,-28.0,21.0
457,-28.0,21.5
458,-28.0,22.0
459,-28.0,22.5
460,-28.0,23.0
461,-28.0,23.5
462,-28.0,24.0
463,-28.0,24.5
464,-28.0,25.0
465,-28.0,25.5
466,-28.0,26.0
467,-28.0,26.5
468,-28.0,27.0
469,-28.0,27.5
470,-28.0,28.0
471,-28.0,28.5
472,-28.0,29.0
473,-28.0,29.5
474,-28.0,30.0
475,-28.0,30.5
476,-28.0,31.0
477,-28.0,31.5
478,-28.0,32.0
479,-28.0,32.5
480,-28.0,33.0
481,-28.5,15.0
482,-28.5,15.5
483,-28.5,16.0
484,-28.5,16.5
485,-28.5,17.0
486,-28.5,17.5
487,-28.5,18.0
488,-28.5,18.5
489,-28.5,19.0
490,-28.5,19.5
491,-28.5,20.0
492,-28.5,20.5
493,-28.5,21.0
494,-28.5,21.5
495,-28.5,22.0
496,-28.5,22.5
497,-28.5,23.0
498,-28.5,23.5
499,-28.5,24.0
500,-28.5,24.5
501,-28.5,25.0
502,-28.5,25.5
503,-28.5,26.0
504,-28.5,26.5
505,-28.5,27.0
506,-28.5,27.5
507,-28.5,28.0
508,-28.5,28.5
509,-28.5,29.0
510,-28.5,29.5
511,-28.5,30.0
512,-28.5,30.5
513,-28.5,31.0
514,-28.5,31.5
515,-28.5,32.0
516,-28.5,32.5
517,-28.5,33.0
518,-29.0,15.0
519,-29.0,15.5
520,-29.0,16.0
521,-29.0,16.5
522,-29.0,17.0
523,-29.0,17.5
524,-29.0,18.0
525,-29.0,18.5
526,-29.0,19.0
527,-29.0,19.5
528,-29.0,20.0
529,-29.0,20.5
530,-29.0,21.0
531,-29.0,21.5
532,-29.0,22.0
533,-29.0,22.5
534,-29.0,23.0
535,-29.0,23.5
536,-29.0,24.0
537,-29.0,24.5
538,-29.0,25.0
539,-29.0,25.5
540,-29.0,26.0
541,-29.0,26.5
542,-29.0,27.0
543,-29.0,27.5
544,-29.0,28.0
545,-29.0,28.5
546,-29.0,29.0
547,-29.0,29.5
548,-29.0,30.0
549,-29.0,30.5
550,-29.0,31.0
551,-29.0,31.5
552,-29.0,32.0
553,-29.0,32.5
554,-29.0,33.0
555,-29.5,15.0
556,-29.5,15.5
557,-29.5,16.0
558,-29.5,16.5
559,-29.5,17.0
560,-29.5,17.5
561,-29.5,18.0
562,-29.5,18.5
563,-29.5,19.0
564,-29.5,19.5
565,-29.5,20.0
566,-29.5,20.5
567,-29.5,21.0
568,-29.5,21.5
569,-29.5,22.0
570,-29.5,22.5
571,-29.5,23.0
572,-29.5,23.5
573,-29.5,24.0
574,-29.5,24.5
575,-29.5,25.0
576,-29.5,25.5
577,-29.5,26.0
578,-29.5,26.5
579,-29.5,27.0
580,-29.5,27.5
581,-29.5,28.0
582,-29.5,28.5
583,-29.5,29.0
584,-29.5,29.5
585,-29.5,30.0
586,-29.5,30.5
587,-29.5,31.0
588,-29.5,31.5
589,-29.5,32.0
590,-29.5,32.5
591,-29.5,33.0
592,-30.0,15.0
593,-30.0,15.5
594,-30.0,16.0
595,-30.0,16.5
596,-30.0,17.0
597,-30.0,17.5
598,-30.0,18.0
599,-30.0,18.5
600,-30.0,19.0
601,-30.0,19.5
602,-30.0,20.0
603,-30.0,20.5
604,-30.0,21.0
605,-30.0,21.5
606,-30.0,22.0
607,-30.0,22.5
608,-30.0,23.0
609,-30.0,23.5
610,-30.0,24.0
611,-30.0,24.5
612,-30.0,25.0
613,-30.0,25.5
614,-30.0,26.0
615,-30.0,26.5
616,-30.0,27.0
617,-30.0,27.5
618,-30.0,28.0
619,-30.0,28.5
620,-30.0,29.0
621,-30.0,29.5
622,-30.0,30.0
623,-30.0,30.5
624,-30.0,31.0
625,-30.0,31.5
626,-30.0,32.0
627,-30.0,32.5
628,-30.0,33.0
629,-30.5,15.0
630,-30.5,15.5
631,-30.5,16.0
632,-30.5,16.5
633,-30.5,17.0
634,-30.5,17.5
635,-30.5,18.0
636,-30.5,18.5
637,-30.5,19.0
638,-30.5,19.5
639,-30.5,20.0
640,-30.5,20.5
641,-30.5,21.0
642,-30.5,21.5
643,-30.5,22.0
644,-30.5,22.5
645,-30.5,23.0
646,-30.5,23.5
647,-30.5,24.0
648,-30.5,24.5
649,-30.5,25.0
650,-30.5,25.5
651,-30.5,26.0
652,-30.5,26.5
653,-30.5,27.0
654,-30.5,27.5
655,-30.5,28.0
656,-30.5,28.5
657,-30.5,29.0
658,-30.5,29.5
659,-30.5,30.0
660,-30.5,30.5
661,-30.5,31.0
662,-30.5,31.5
663,-30.5,32.0
664,-30.5,32.5
665,-30.5,33.0
666,-31.0,15.0
667,-31.0,15.5
668,-31.0,16.0
669,-31.0,16.5
670,-31.0,17.0
671,-31.0,17.5
672,-31.0,18.0
673,-31.0,18.5
674,-31.0,19.0
675,-31.0,19.5
676,-31.0,20.0
677,-31.0,20.5
678,-31.0,21.0
679,-31.0,21.5
680,-31.0,22.0
681,-31.0,22.5
682,-31.0,23.0
683,-31.0,23.5
684,-31.0,24.0
685,-31.0,24.5
686,-31.0,25.0
687,-31.0,25.5
688,-31.0,26.0
689,-31.0,26.5
690,-31.0,27.0
691,-31.0,27.5
692,-31.0,28.0
693,-31.0,28.5
694,-31.0,29.0
695,-31.0,29.5
696,-31.0,30.0
697,-31.0,30.5
698,-31.0,31.0
699,-31.0,31.5
700,-31.0,32.0
701,-31.0,32.5
702,-31.0,33.0
703,-31.5,15.0
704,-31.5,15.5
705,-31.5,16.0
706,-31.5,16.5
707,-31.5,17.0
708,-31.5,17.5
709,-31.5,18.0
710,-31.5,18.5
711,-31.5,19.0
712,-31.5,19.5
713,-31.5,20.0
714,-31.5,20.5
715,-31.5,21.0
716,-31.5,21.5
717,-31.5,22.0
718,-31.5,22.5
719,-31.5,23.0
720,-31.5,23.5
721,-31.5,24.0
722,-31.5,24.5
723,-31.5,25.0
724,-31.5,25.5
725,-31.5,26.0
726,-31.5,26.5
727,-31.5,27.0
728,-31.5,27.5
729,-31.5,28.0
730,-31.5,28.5
731,-31.5,29.0
732,-31.5,29.5
733,-31.5,30.0
734,-31.5,30.5
735,-31.5,31.0
736,-31.5,31.5
737,-31.5,32.0
738,-31.5,32.5
739,-31.5,33.0
740,-32.0,15.0
741,-32.0,15.5
742,-32.0,16.0
743,-32.0,16.5
744,-32.0,17.0
745,-32.0,17.5
746,-32.0,18.0
747,-32.0,18.5
748,-32.0,19.0
749,-32.0,19.5
750,-32.0,20.0
751,-32.0,20.5
752,-32.0,21.0
753,-32.0,21.5
754,-32.0,22.0
755,-32.0,22.5
756,-32.0,23.0
757,-32.0,23.5
758,-32.0,24.0
759,-32.0,24.5
760,-32.0,25.0
761,-32.0,25.5
762,-32.0,26.0
763,-32.0,26.5
764,-32.0,27.0
765,-32.0,27.5
766,-32.0,28.0
767,-32.0,28.5
768,-32.0,29.0
769,-32.0,29.5
770,-32.0,30.0
771,-32.0,30.5
772,-32.0,31.0
773,-32.0,31.5
774,-32.0,32.0
775,-32.0,32.5
776,-32.0,33.0
777,-32.5,15.0
778,-32.5,15.5
779,-32.5,16.0
780,-32.5,16.5
781,-32.5,17.0
782,-32.5,17.5
783,-32.5,18.0
784,-32.5,18.5
785,-32.5,19.0
786,-32.5,19.5
787,-32.5,20.0
788,-32.5,20.5
789,-32.5,21.0
790,-32.5,21.5
791,-32.5,22.0
792,-32.5,22.5
793,-32.5,23.0
794,-32.5,23.5
795,-32.5,24.0
796,-32.5,24.5
797,-32.5,25.0
798,-32.5,25.5
799,-32.5,26.0
800,-32.5,26.5
801,-32.5,27.0
802,-32.5,27.5
803,-32.5,28.0
804,-32.5,28.5
805,-32.5,29.0
806,-32.5,29.5
807,-32.5,30.0
808,-32.5,30.5
809,-32.5,31.0
810,-32.5,31.5
811,-32.5,32.0
812,-32.5,32.5
813,-32.5,33.0
814,-33.0,15.0
815,-33.0,15.5
816,-33.0,16.0
817,-33.0,16.5
818,-33.0,17.0
819,-33.0,17.5
820,-33.0,18.0
821,-33.0,18.5
822,-33.0,19.0
823,-33.0,19.5
824,-33.0,20.0
825,-33.0,20.5
826,-33.0,21.0
827,-33.0,21.5
828,-33.0,22.0
829,-33.0,22.5
830,-33.0,23.0
831,-33.0,23.5
832,-33.0,24.0
833,-33.0,24.5
834,-33.0,25.0
835,-33.0,25.5
836,-33.0,26.0
837,-33.0,26.5
838,-33.0,27.0
839,-33.0,27.5
840,-33.0,28.0
841,-33.0,28.5
842,-33.0,29.0
843,-33.0,29.5
844,-33.0,30.0
845,-33.0,30.5
846,-33.0,31.0
847,-33.0,31.5
848,-33.0,32.0
849,-33.0,32.5
850,-33.0,33.0
851,-33.5,15.0
852,-33.5,15.5
853,-33.5,16.0
854,-33.5,16.5
855,-33.5,17.0
856,-33.5,17.5
857,-33.5,18.0
858,-33.5,18.5
859,-33.5,19.0
860,-33.5,19.5
861,-33.5,20.0
862,-33.5,20.5
863,-33.5,21.0
864,-33.5,21.5
865,-33.5,22.0
866,-33.5,22.5
867,-33.5,23.0
868,-33.5,23.5
869,-33.5,24.0
870,-33.5,24.5
871,-33.5,25.0
872,-33.5,25.5
873,-33.5,26.0
874,-33.5,26.5
875,-33.5,27.0
876,-33.5,27.5
877,-33.5,28.0
878,-33.5,28.5
879,-33.5,29.0
880,-33.5,29.5
881,-33.5,30.0
882,-33.5,30.5
883,-33.5,31.0
884,-33.5,31.5
885,-33.5,32.0
886,-33.5,32.5
887,-33.5,33.0
888,-34.0,15.0
889,-34.0,15.5
890,-34.0,16.0
891,-34.0,16.5
892,-34.0,17.0
893,-34.0,17.5
894,-34.0,18.0
895,-34.0,18.5
896,-34.0,19.0
897,-34.0,19.5
898,-34.0,20.0
899,-34.0,20.5
900,-34.0,21.0
901,-34.0,21.5
902,-34.0,22.0
903,-34.0,22.5
904,-34.0,23.0
905,-34.0,23.5
906,-34.0,24.0
907,-34.0,24.5
908,-34.0,25.0
909,-34.0,25.5
910,-34.0,26.0
911,-34.0,26.5
912,-34.0,27.0
913,-34.0,27.5
914,-34.0,28.0
915,-34.0,28.5
916,-34.0,29.0
917,-34.0,29.5
918,-34.0,30.0
919,-34.0,30.5
920,-34.0,31.0
921,-34.0,31.5
922,-34.0,32.0
923,-34.0,32.5
924,-34.0,33.0
925,-34.5,15.0
926,-34.5,15.5
927,-34.5,16.0
928,-34.5,16.5
929,-34.5,17.0
930,-34.5,17.5
931,-34.5,18.0
932,-34.5,18.5
933,-34.5,19.0
934,-34.5,19.5
935,-34.5,20.0
936,-34.5,20.5
937,-34.5,21.0
938,-34.5,21.5
939,-34.5,22.0
940,-34.5,22.5
941,-34.5,23.0
942,-34.5,23.5
943,-34.5,24.0
944,-34.5,24.5
945,-34.5,25.0
946,-34.5,25.5
947,-34.5,26.0
948,-34.5,26.5
949,-34.5,27.0
950,-34.5,27.5
951,-34.5,28.0
952,-34.5,28.5
953,-34.5,29.0
954,-34.5,29.5
955,-34.5,30.0
956,-34.5,30.5
957,-34.5,31.0
958,-34.5,31.5
959,-34.5,32.0
960,-34.5,32.5
961,-34.5,33.0
962,-35.0,15.0
963,-35.0,15.5
964,-35.0,16.0
965,-35.0,16.5
966,-35.0,17.0
967,-35.0,17.5
968,-35.0,18.0
969,-35.0,18.5
970,-35.0,19.0
971,-35.0,19.5
972,-35.0,20.0
973,-35.0,20.5
974,-35.0,21.0
975,-35.0,21.5
976,-35.0,22.0
977,-35.0,22.5
978,-35.0,23.0
979,-35.0,23.5
980,-35.0,24.0
981,-35.0,24.5
982,-35.0,25.0
983,-35.0,25.5
984,-35.0,26.0
985,-35.0,26.5
986,-35.0,27.0
987,-35.0,27.5
988,-35.0,28.0
989,-35.0,28.5
990,-35.0,29.0
991,-35.0,29.5
992,-35.0,30.0
993,-35.0,30.5
994,-35.0,31.0
995,-35.0,31.5
996,-35.0,32.0
997,-35.0,32.5
998,-35.0,33.0
